{
    "author": "Josh.5",
    "compatibility": [
        1,
        2
    ],
    "description": "Manually specify language tag, or use \"original language\" from Radarr/Sonarr, for Unmanic to set as the default audio track.",
    "icon": "https://raw.githubusercontent.com/Josh5/unmanic.plugin.reorder_audio_streams_by_language/master/icon.png",
    "id": "reorder_audio_streams_by_language",
    "name": "Re-order audio streams by language",
    "platform": [
        "all"
    ],
    "priorities": {
        "on_library_management_file_test": 99,
        "on_worker_process": 2
    },
    "tags": "audio,ffmpeg,library file test",
    "version": "1.2.1"
}
